categoryid,category_events,category_items,category_users,category_views,category_addtocarts,category_transactions,category_view_to_addtocart_rate,category_view_to_transaction_rate
1051,75216,2557,36191,73016,1715,485,0.023488002629560644,0.006642379752383039
1483,64780,2945,40778,62786,1525,469,0.024288854203166312,0.007469818112318033
491,61114,2417,38029,59300,1551,263,0.026155143338954467,0.004435075885328836
959,52278,1890,27166,50112,1634,532,0.03260696040868455,0.010616219667943806
342,46852,4697,26264,45288,1283,281,0.028329800388623917,0.006204734145910617
683,38887,939,15962,37765,911,211,0.02412286508672051,0.0055871839004369124
1279,34381,1023,15219,33532,726,123,0.021650960276750567,0.003668137898127162
5,29716,288,15103,28953,577,186,0.019928850205505475,0.006424204745622215
646,28240,1381,13537,27669,484,87,0.01749250063247678,0.0031443131302179334
196,27688,1659,16598,26646,744,298,0.027921639270434586,0.011183667342190198
48,27454,1039,17124,26705,603,146,0.02258004119078824,0.005467140984834301
1173,24572,796,11459,23935,480,157,0.020054313766450803,0.006559431794443284
1135,23875,1377,10917,22921,746,208,0.032546573011648705,0.009074647702979801
333,22882,1057,12864,22382,416,84,0.01858636404253418,0.00375301581628094
1578,22182,1065,13686,21494,583,105,0.02712384851586489,0.00488508420954685
84,21920,1155,9374,20936,762,222,0.03639663737103554,0.010603744745892244
589,21354,962,9920,20473,672,209,0.03282371904459532,0.010208567381429199
1221,18780,1591,11472,18248,422,110,0.023125822007891275,0.006028057869355546
1650,18378,296,7817,17739,529,110,0.029821297705620385,0.006201025987936186
1375,17957,688,9211,17444,378,135,0.021669341894060994,0.007739050676450356
242,17255,2121,11123,16676,489,90,0.02932357879587431,0.005396977692492204
1248,16977,1197,9397,16373,450,154,0.0274842728882917,0.00940572894399316
1625,16564,425,8196,16048,398,118,0.02480059820538385,0.007352941176470588
618,15529,1460,4812,14535,709,285,0.04877880976952184,0.0196078431372549
1393,15150,742,9676,14574,410,166,0.028132290380129,0.011390146836832716
707,15056,432,9805,14505,464,87,0.03198896932092382,0.0059979317476732165
858,14852,408,3840,13919,759,174,0.05452977943817803,0.012500898053021051
209,14167,1663,9776,13781,267,119,0.019374501124736956,0.008635077280313475
65,13824,1012,8703,13553,199,72,0.014683095993506973,0.005312476942374382
1542,13815,1006,6783,12853,668,294,0.05197230218626002,0.022874037189761144
499,13727,569,9928,13441,270,16,0.020087791086972697,0.0011903876199687523
1477,13574,929,8305,13370,190,14,0.014210919970082274,0.0010471204188481676
1233,13562,608,7839,13346,156,60,0.011688895549228234,0.004495729057395474
730,13519,1612,8717,13062,357,100,0.027331189710610933,0.007655795437145919
769,13124,3977,6012,12654,398,72,0.031452505136715665,0.005689900426742532
429,13052,950,9652,12917,105,30,0.008128822482000465,0.0023225207091429898
926,12683,631,5835,12423,205,55,0.0165016501650165,0.004427271995492232
1404,12671,1653,8814,12324,274,73,0.02223304122038299,0.005923401493021746
1192,12631,292,6854,12097,385,149,0.03182607257997851,0.012317103414069604
1205,11858,446,5393,11355,358,145,0.03152796125055042,0.012769704975781594
421,11630,1489,6750,11086,404,140,0.036442359732996574,0.012628540501533466
928,11483,450,6782,11036,301,146,0.027274374773468647,0.013229430953243929
256,11431,786,6600,11183,183,65,0.01636412411696325,0.005812393812036127
984,11345,814,7642,11107,179,59,0.016115962906275323,0.005311965427208067
828,11313,1087,6531,11008,217,88,0.019712936046511628,0.007994186046511628
56,11148,537,6766,10925,185,38,0.016933638443935927,0.0034782608695652175
1219,11134,290,5979,10483,479,172,0.04569302680530383,0.016407516932175903
126,10984,1260,4232,10289,498,197,0.04840120517057051,0.01914666148313733
64,10840,1072,7783,10568,250,22,0.023656320968962908,0.002081756245268736
1244,10656,1479,6314,10252,285,119,0.027799453765119,0.011607491221225126
844,10586,1042,4836,10057,384,145,0.0381823605448941,0.01441781843492095
1421,10237,1315,3534,9376,615,246,0.06559300341296928,0.02623720136518771
34,10123,231,5125,9830,199,94,0.0202441505595117,0.009562563580874872
1584,10054,404,6449,9874,128,52,0.012963338059550335,0.005266356086692323
799,10024,722,5775,9640,289,95,0.029979253112033196,0.009854771784232365
1529,9827,173,4173,9174,432,221,0.04708960104643558,0.02408981905384783
1018,9800,468,5127,9400,309,91,0.032872340425531915,0.009680851063829788
72,9596,529,5374,9116,345,135,0.03784554629223343,0.014809126810004387
936,9563,1146,5497,9068,386,109,0.04256726951918836,0.012020291133656815
438,9503,701,5661,9171,270,62,0.029440628066732092,0.006760440519027369
806,9258,938,5678,8996,211,51,0.023454868830591374,0.005669186305024455
1186,9222,337,5752,8998,171,53,0.01900422316070238,0.005890197821738164
1117,9200,504,4297,8889,235,76,0.02643716953538081,0.00854989312633592
1114,9033,1151,5647,8509,382,142,0.04489364202609002,0.016688212480902572
239,8897,308,5616,8759,108,30,0.012330174677474598,0.0034250485215207216
1172,8795,1257,6478,8662,101,32,0.011660124682521358,0.0036942969291156777
535,8572,691,4236,8322,206,44,0.024753664984378754,0.005287190579187695
50,8485,467,4598,8212,226,47,0.027520701412566975,0.005723331709693132
406,8425,301,4430,8173,193,59,0.023614339899669642,0.007218891471919736
1265,8337,329,5094,7951,301,85,0.03785687334926424,0.010690479185008175
575,8198,750,5662,8072,98,28,0.012140733399405352,0.003468780971258672
1188,8156,391,5078,8044,98,14,0.012182993535554451,0.00174042764793635
35,8110,365,5410,7829,190,91,0.024268744411802275,0.011623451270915826
789,8059,289,5532,7988,63,8,0.007886830245368051,0.00100150225338007
1384,7952,317,3629,7446,364,142,0.04888530754767661,0.0190706419554123
1511,7916,455,4546,7652,200,64,0.026136957658128592,0.00836382645060115
1589,7897,245,3791,7647,208,42,0.02720020923237871,0.005492349941153394
1098,7860,511,4752,7428,333,99,0.04483037156704362,0.01332794830371567
1163,7790,718,3839,7157,374,259,0.052256532066508314,0.03618834707279586
1261,7647,295,4130,7267,270,110,0.03715425897894592,0.015136920324755745
782,7483,413,4439,7220,182,81,0.025207756232686982,0.011218836565096953
586,7474,382,4228,7130,266,78,0.03730715287517532,0.01093969144460028
914,7394,599,4693,7114,174,106,0.024458813606972166,0.01490019679505201
282,7356,708,4700,7113,180,63,0.025305778152678194,0.008857022353437369
228,7125,443,4499,6842,218,65,0.03186202864659456,0.00950014615609471
1026,6986,383,4509,6788,130,68,0.01915144372421921,0.010017678255745434
819,6933,178,3362,6734,149,50,0.022126522126522125,0.007425007425007425
921,6771,391,3558,6542,168,61,0.025680220116172426,0.00932436563741975
619,6766,1222,3907,6416,295,55,0.045978802992518705,0.008572319201995013
175,6749,268,4395,6457,204,88,0.031593619327861235,0.013628620102214651
686,6714,1058,4136,6052,426,236,0.07038995373430271,0.038995373430270985
818,6702,280,4046,6618,69,15,0.01042611060743427,0.0022665457842248413
1500,6672,337,3719,6372,212,88,0.03327055869428751,0.013810420590081607
330,6628,818,4375,6286,251,91,0.039930003181673564,0.014476614699331848
1317,6598,562,3757,6170,303,125,0.04910858995137763,0.02025931928687196
1355,6563,291,3629,6332,179,52,0.02826910928616551,0.0082122552116235
1385,6489,299,3524,6144,254,91,0.041341145833333336,0.014811197916666666
691,6440,885,4395,6295,106,39,0.016838760921366165,0.00619539316918189
628,6330,289,3298,6111,157,62,0.025691376206840123,0.010145639011618393
531,6320,337,4057,6103,156,61,0.02556119941012617,0.009995084384728821
1,6319,641,3757,5847,392,80,0.06704292799726355,0.013682230203523174
1325,6297,260,3955,6243,47,7,0.007528431843664905,0.0011212558065032837
969,6279,135,2813,5994,221,64,0.036870203536870205,0.010677344010677344
1220,6266,274,3166,5953,258,55,0.043339492692759954,0.009239039139929447
610,6220,298,2832,5897,243,80,0.041207393589961,0.013566220111921316
1349,6196,53,3151,5863,221,112,0.037694013303769404,0.019102848371141054
1037,6074,49,2205,5190,658,226,0.12678227360308286,0.04354527938342967
124,6068,118,3779,5896,128,44,0.021709633649932156,0.007462686567164179
999,6003,453,4513,5955,34,14,0.005709487825356843,0.0023509655751469353
1680,5977,2125,2730,5738,178,61,0.031021261763680724,0.010630881840362495
973,5942,248,3929,5794,101,47,0.017431826026924405,0.008111839834311357
1258,5898,290,3573,5759,101,38,0.017537766973432886,0.00659836777218267
1263,5836,103,3623,5659,131,46,0.02314896624845379,0.008128644636861637
1663,5791,687,3688,5659,102,30,0.018024385933910585,0.005301289980561937
1558,5762,236,3666,5562,144,56,0.025889967637540454,0.010068320747932399
792,5708,373,2929,5548,120,40,0.021629416005767843,0.007209805335255948
1694,5695,715,3662,5557,94,44,0.01691560194349469,0.007917941335252834
1388,5642,487,3501,5416,173,53,0.0319423929098966,0.009785819793205317
1343,5635,472,3195,5481,113,41,0.020616675789089583,0.0074803867907316185
624,5619,806,2284,5044,431,144,0.08544805709754164,0.028548770816812053
656,5597,224,4213,5550,38,9,0.006846846846846847,0.0016216216216216215
352,5596,526,3694,5421,135,40,0.024903154399557276,0.007378712414683638
1059,5548,570,4166,5485,40,23,0.007292616226071103,0.004193254329990884
317,5492,305,3382,5223,183,86,0.0350373348650201,0.01646563277809688
1089,5453,58,2922,5116,239,98,0.04671618451915559,0.019155590304925724
496,5445,308,3789,5400,34,11,0.006296296296296296,0.002037037037037037
360,5377,779,3995,5227,98,52,0.01874880428544098,0.009948345131050315
822,5359,131,2412,5167,144,48,0.027869169730985098,0.0092897232436617
1231,5286,452,3159,5002,197,87,0.03938424630147941,0.017393042782886847
1415,5201,223,2824,4970,164,67,0.03299798792756539,0.013480885311871227
51,5158,141,3176,5048,86,24,0.017036450079239304,0.004754358161648178
427,5122,190,2253,4735,286,101,0.0604012671594509,0.02133051742344245
434,5117,301,2608,4356,627,134,0.14393939393939395,0.03076216712580349
1322,5063,106,2912,4918,114,31,0.023180154534363562,0.0063033753558357055
191,4937,133,2800,4651,194,92,0.04171145990109654,0.01978069232423135
195,4917,557,3047,4616,218,83,0.04722703639514731,0.01798093587521664
411,4909,85,3154,4699,172,38,0.036603532666524795,0.008086826984464779
1493,4880,748,2947,4277,448,155,0.10474631751227496,0.03624035538929156
1196,4878,991,2985,4682,157,39,0.033532678342588634,0.008329773601025202
1312,4763,494,2617,4647,101,15,0.02173445233483968,0.0032278889606197547
1659,4547,123,2702,4416,101,30,0.022871376811594204,0.006793478260869565
1007,4545,2174,3797,4545,0,0,0.0,0.0
29,4542,152,2420,4372,132,38,0.03019213174748399,0.00869167429094236
1503,4539,363,2426,4344,148,47,0.03406998158379374,0.0108195211786372
558,4520,390,2439,4381,100,39,0.022825838849577722,0.008902077151335312
1301,4367,1392,3292,4328,28,11,0.006469500924214418,0.0025415896487985213
1247,4361,285,2125,4215,125,21,0.02965599051008304,0.00498220640569395
1303,4361,180,2773,4270,71,20,0.016627634660421546,0.00468384074941452
1277,4335,379,2426,4189,111,35,0.02649797087610408,0.0083552160420148
324,4325,637,2679,4123,135,67,0.0327431481930633,0.016250303177298083
565,4281,332,2817,4241,29,11,0.0068380099033246875,0.0025937278943645365
1464,4158,135,2074,3943,150,65,0.0380420999239158,0.01648490996703018
1298,4094,462,3120,4027,51,16,0.012664514526943133,0.003973181028060591
1002,4078,384,2575,3940,112,26,0.028426395939086295,0.006598984771573604
471,4074,180,2428,3894,139,41,0.035695942475603495,0.010529019003595274
1567,4015,469,2151,3835,152,28,0.039634941329856586,0.007301173402868318
706,3968,205,2945,3926,30,12,0.007641365257259297,0.003056546102903719
1593,3936,309,1716,3614,231,91,0.06391809629219701,0.025179856115107913
1179,3927,364,2000,3741,138,48,0.03688853247794707,0.012830793905372895
356,3920,126,2366,3730,132,58,0.0353887399463807,0.015549597855227882
405,3870,153,2614,3823,36,11,0.00941668846455663,0.002877321475281193
532,3849,120,2309,3786,50,13,0.013206550449022716,0.003433703116745906
529,3838,55,2555,3773,55,10,0.014577259475218658,0.0026504108136761197
1473,3827,155,1643,3590,181,56,0.05041782729805014,0.015598885793871866
1666,3805,230,2139,3707,73,25,0.019692473698408416,0.006743997841920691
958,3773,356,1984,3638,105,30,0.028862012094557448,0.008246289169873557
523,3737,325,2641,3640,91,6,0.025,0.0016483516483516484
248,3686,245,2411,3641,37,8,0.010162043394671794,0.0021971985718209283
1085,3673,297,2304,3508,122,43,0.03477765108323831,0.01225769669327252
1344,3661,286,2079,3587,61,13,0.017005854474491218,0.0036241984945637024
739,3641,795,2336,3560,67,14,0.018820224719101122,0.003932584269662922
225,3612,381,2444,3500,94,18,0.026857142857142857,0.005142857142857143
633,3592,133,1873,3393,142,57,0.04185086943707633,0.016799292661361626
484,3572,103,1925,3490,62,20,0.017765042979942695,0.0057306590257879654
120,3566,119,1811,3416,104,46,0.03044496487119438,0.013466042154566744
1273,3558,103,1858,3446,89,23,0.025827045850261174,0.006674405107370864
1526,3534,199,2729,3461,59,14,0.01704709621496677,0.004045073678127709
988,3480,947,2402,3443,23,14,0.006680220737728725,0.004066221318617485
295,3474,165,2335,3385,66,23,0.01949778434268833,0.006794682422451994
1250,3452,1482,1638,3261,144,47,0.04415823367065318,0.01441275682306041
227,3450,1009,1674,3266,137,47,0.0419473361910594,0.014390691977954685
1073,3426,262,1871,3292,102,32,0.030984204131227218,0.009720534629404616
804,3414,161,1843,3248,121,45,0.03725369458128079,0.013854679802955665
479,3383,505,1924,3305,66,12,0.019969742813918306,0.003630862329803328
167,3376,76,2464,3334,30,12,0.008998200359928014,0.003599280143971206
1020,3311,175,1772,3140,119,52,0.03789808917197452,0.016560509554140127
697,3291,183,2739,3291,0,0,0.0,0.0
224,3189,300,1769,2926,181,82,0.06185919343814081,0.028024606971975393
876,3179,281,1761,3102,55,22,0.01773049645390071,0.0070921985815602835
414,3166,455,1837,2892,226,48,0.07814661134163209,0.016597510373443983
1191,3166,318,1751,2752,336,78,0.12209302325581395,0.028343023255813952
1119,3155,249,1915,3081,63,11,0.02044790652385589,0.0035702693930542034
746,3146,523,1487,3047,66,33,0.021660649819494584,0.010830324909747292
1035,3144,228,1860,2988,103,53,0.034471218206157964,0.017737617135207495
967,3143,267,2453,3081,52,10,0.016877637130801686,0.0032456994482310936
1029,3131,368,2219,3058,54,19,0.01765860039241334,0.006213211249182472
1417,3129,148,1614,2978,109,42,0.036601746138347886,0.014103425117528543
1445,3129,169,2102,3111,14,4,0.004500160720025715,0.0012857602057216328
1378,3120,785,2146,3053,51,16,0.016704880445463477,0.0052407468064199145
1318,3086,413,2172,2984,95,7,0.03183646112600536,0.0023458445040214475
1047,3080,146,1645,2978,73,29,0.024513096037609133,0.009738079247817328
568,3070,167,2059,2979,69,22,0.023162134944612285,0.007385028533064787
1076,3025,486,2029,2935,85,5,0.028960817717206135,0.0017035775127768314
1634,3020,353,2140,2909,88,23,0.030250945342041938,0.007906497078033689
1573,3011,140,1710,2911,75,25,0.02576434215046376,0.008588114050154586
163,3005,93,1507,2929,67,9,0.022874701263229772,0.0030727210652099694
1373,2966,245,1696,2744,162,60,0.05903790087463557,0.021865889212827987
1390,2963,144,1897,2825,97,41,0.034336283185840706,0.014513274336283187
160,2940,235,1935,2855,69,16,0.02416812609457093,0.005604203152364273
1605,2915,207,1865,2847,47,21,0.01650860554970144,0.007376185458377239
337,2909,250,1556,2782,102,25,0.03666427030913012,0.008986340762041696
911,2901,310,1708,2834,62,5,0.021877205363443897,0.0017642907551164433
1090,2891,74,1820,2849,32,10,0.011232011232011231,0.00351000351000351
302,2876,200,1412,2705,135,36,0.04990757855822551,0.013308687615526803
1403,2863,156,1365,2719,101,43,0.03714600956233909,0.0158146377344612
94,2844,48,2026,2816,22,6,0.0078125,0.002130681818181818
860,2841,186,1662,2714,94,33,0.034635224760501106,0.012159174649963155
572,2817,339,1897,2656,111,50,0.041792168674698794,0.01882530120481928
1091,2812,201,1560,2666,113,33,0.04238559639909977,0.012378094523630907
1070,2809,1192,1549,2700,77,32,0.02851851851851852,0.011851851851851851
1320,2766,383,1910,2667,90,9,0.03374578177727784,0.003374578177727784
847,2754,38,1516,2694,42,18,0.015590200445434299,0.0066815144766146995
390,2731,203,1131,2548,116,67,0.04552590266875981,0.02629513343799058
1679,2728,162,1553,2688,33,7,0.012276785714285714,0.0026041666666666665
718,2718,87,1775,2680,31,7,0.011567164179104477,0.0026119402985074628
816,2707,162,1839,2667,31,9,0.011623547056617924,0.003374578177727784
1171,2707,426,1942,2590,110,7,0.04247104247104247,0.002702702702702703
1253,2704,180,1515,2585,90,29,0.03481624758220503,0.011218568665377175
366,2701,187,1458,2568,105,28,0.04088785046728972,0.010903426791277258
1338,2679,547,1745,2602,57,20,0.021906225980015372,0.007686395080707148
987,2672,129,1581,2599,58,15,0.022316275490573297,0.005771450557906887
509,2670,58,1155,2428,201,41,0.0827841845140033,0.01688632619439868
1574,2667,303,1749,2583,65,19,0.02516453735965931,0.007355787843592722
53,2662,183,1704,2548,83,31,0.032574568288854,0.01216640502354788
386,2657,85,1549,2574,59,24,0.02292152292152292,0.009324009324009324
1302,2653,108,1483,2484,108,61,0.043478260869565216,0.02455716586151369
1078,2640,332,1720,2590,46,4,0.01776061776061776,0.0015444015444015444
1623,2638,313,1848,2542,64,32,0.025177025963808025,0.012588512981904013
1616,2635,107,1850,2532,75,28,0.02962085308056872,0.011058451816745656
1642,2634,46,1492,2485,107,42,0.043058350100603625,0.016901408450704224
173,2620,1237,1858,2582,37,1,0.014329976762199844,0.0003872966692486445
230,2614,85,1678,2497,85,32,0.03404084901882259,0.012815378454144974
494,2527,142,1682,2507,14,6,0.005584363781412046,0.0023932987634623054
1498,2508,121,1438,2417,65,26,0.02689284236657013,0.01075713694662805
57,2507,66,946,2229,128,150,0.057424854194706144,0.06729475100942127
1293,2496,7,1666,2383,79,34,0.0331514897188418,0.014267729752412925
1049,2496,154,1514,2449,37,10,0.015108207431604737,0.004083299305839118
927,2494,151,1705,2457,26,11,0.010582010582010581,0.004477004477004477
808,2477,151,1121,2314,102,61,0.04407951598962835,0.026361279170267933
1282,2468,335,1819,2444,19,5,0.007774140752864157,0.0020458265139116204
1528,2467,287,1367,2367,87,13,0.036755386565272496,0.005492184199408534
637,2466,400,1358,2371,65,30,0.02741459299873471,0.012652889076339097
979,2457,63,1499,2408,38,11,0.015780730897009966,0.004568106312292359
703,2453,129,1393,2415,32,6,0.013250517598343685,0.002484472049689441
704,2453,142,1733,2404,42,7,0.01747088186356073,0.0029118136439267887
1364,2453,98,1362,2366,59,28,0.024936601859678782,0.011834319526627219
3,2448,246,1552,2375,58,15,0.024421052631578948,0.00631578947368421
316,2433,236,1562,2391,27,15,0.011292346298619825,0.006273525721455458
1409,2429,169,1552,2327,70,32,0.030081650193382038,0.013751611516974646
1454,2419,150,1380,2336,59,24,0.025256849315068493,0.010273972602739725
895,2417,87,1360,2338,52,27,0.022241231822070145,0.011548331907613344
1305,2407,64,992,2120,248,39,0.1169811320754717,0.01839622641509434
684,2374,82,1054,2235,103,36,0.046085011185682326,0.016107382550335572
437,2340,205,1093,2247,64,29,0.02848242100578549,0.01290609701824655
1339,2331,62,1351,2277,42,12,0.01844532279314888,0.005270092226613966
1645,2304,221,1431,2188,86,30,0.03930530164533821,0.013711151736745886
1113,2303,437,1178,2164,97,42,0.044824399260628464,0.019408502772643253
862,2301,90,1399,2203,69,29,0.031320926009986386,0.013163867453472538
833,2248,256,1457,2109,97,42,0.04599336178283547,0.01991465149359886
1646,2226,202,1056,2112,88,26,0.041666666666666664,0.01231060606060606
972,2213,106,1040,1975,164,74,0.0830379746835443,0.03746835443037975
626,2207,72,1384,2167,32,8,0.014766958929395477,0.0036917397323488694
694,2205,31,1458,2095,85,25,0.0405727923627685,0.011933174224343675
1240,2205,128,1024,2114,76,15,0.03595080416272469,0.007095553453169348
417,2204,92,987,1916,206,82,0.10751565762004175,0.04279749478079332
82,2203,21,1746,2188,13,2,0.005941499085923218,0.0009140767824497258
373,2199,52,1425,2123,56,20,0.0263777673104098,0.009420631182289214
741,2196,538,1599,2196,0,0,0.0,0.0
451,2188,76,1062,2122,58,8,0.027332704995287466,0.003770028275212064
561,2179,317,1833,2179,0,0,0.0,0.0
202,2176,60,1358,2089,62,25,0.02967927237912877,0.011967448539971278
1213,2169,66,1325,2136,32,1,0.0149812734082397,0.00046816479400749064
176,2164,277,1271,2112,42,10,0.019886363636363636,0.004734848484848485
1480,2148,182,1570,2105,27,16,0.012826603325415678,0.007600950118764846
374,2135,284,1367,2068,50,17,0.024177949709864602,0.008220502901353965
1022,2122,135,1274,2070,41,11,0.019806763285024155,0.005314009661835749
299,2120,36,1222,2067,36,17,0.01741654571843251,0.00822447992259313
398,2115,8,1325,1966,102,47,0.05188199389623601,0.023906408952187184
292,2114,53,1266,2063,40,11,0.019389238972370333,0.005332040717401842
1434,2095,106,1468,2051,33,11,0.016089712335446125,0.005363237445148708
1255,2093,783,965,1984,91,18,0.04586693548387097,0.009072580645161291
1286,2078,303,975,1736,285,57,0.1641705069124424,0.032834101382488476
279,2059,198,1273,1945,77,37,0.03958868894601542,0.019023136246786632
486,2043,76,1290,1999,38,6,0.01900950475237619,0.0030015007503751876
487,2025,61,1017,1880,116,29,0.06170212765957447,0.015425531914893617
1043,2023,217,1241,1893,67,63,0.035393555203380875,0.03328050713153724
396,2015,203,1098,1959,40,16,0.02041858090862685,0.00816743236345074
1151,2001,123,997,1861,106,34,0.056958624395486296,0.018269747447608814
47,1993,123,1089,1859,109,25,0.0586336740182894,0.013448090371167294
1087,1991,91,1284,1943,33,15,0.016984045290787442,0.007720020586721565
1429,1987,142,1239,1941,35,11,0.018031942297784646,0.005667181865018032
1598,1984,59,1048,1886,75,23,0.039766702014846236,0.012195121951219513
1256,1972,166,1290,1909,55,8,0.028810895756940808,0.0041906757464641176
1407,1963,85,1145,1893,51,19,0.02694136291600634,0.010036978341257264
158,1962,215,1420,1947,11,4,0.005649717514124294,0.002054442732408834
1040,1949,196,972,1775,130,44,0.07323943661971831,0.024788732394366197
807,1945,50,997,1802,112,31,0.06215316315205328,0.017203107658157604
470,1944,59,1044,1786,107,51,0.059910414333706606,0.02855543113101904
473,1928,117,1199,1828,65,35,0.03555798687089715,0.019146608315098467
469,1924,126,1224,1846,59,19,0.031960996749729145,0.010292524377031419
1544,1914,41,1256,1864,36,14,0.019313304721030045,0.0075107296137339056
1054,1914,131,1263,1862,40,12,0.021482277121374866,0.00644468313641246
606,1874,181,1295,1823,40,11,0.021941854086670324,0.006034009873834339
320,1855,245,946,1632,197,26,0.12071078431372549,0.015931372549019607
1603,1853,218,963,1765,68,20,0.038526912181303115,0.0113314447592068
924,1826,286,1310,1803,19,4,0.010537992235163616,0.0022185246810870773
1441,1815,256,854,1702,87,26,0.05111633372502938,0.01527614571092832
1580,1813,241,1497,1805,6,2,0.0033240997229916896,0.00110803324099723
1295,1798,40,990,1769,21,8,0.011871113623516111,0.0045223289994347085
1595,1786,166,838,1712,54,20,0.03154205607476635,0.011682242990654205
1103,1775,99,1067,1653,78,44,0.047186932849364795,0.02661826981246219
1535,1769,259,1223,1742,18,9,0.010332950631458095,0.005166475315729047
445,1758,42,1016,1698,47,13,0.02767962308598351,0.0076560659599528855
185,1707,44,1022,1657,41,9,0.024743512371756187,0.005431502715751358
725,1672,68,1045,1603,47,22,0.029320024953212728,0.01372426699937617
416,1652,166,1191,1613,21,18,0.013019218846869188,0.011159330440173589
208,1638,479,977,1526,77,35,0.05045871559633028,0.022935779816513763
452,1635,120,1320,1607,26,2,0.016179215930304917,0.0012445550715619166
392,1615,74,863,1576,34,5,0.021573604060913704,0.0031725888324873096
1447,1608,131,1175,1591,13,4,0.008170961659333752,0.00251414204902577
737,1603,106,1049,1580,18,5,0.01139240506329114,0.0031645569620253164
1254,1596,198,1057,1493,72,31,0.04822505023442733,0.020763563295378432
516,1594,126,1017,1548,34,12,0.021963824289405683,0.007751937984496124
884,1557,84,909,1514,32,11,0.021136063408190225,0.00726552179656539
1280,1554,214,1138,1485,51,18,0.03434343434343434,0.012121212121212121
387,1550,167,1098,1510,28,12,0.018543046357615896,0.007947019867549669
665,1537,54,913,1446,58,33,0.040110650069156296,0.022821576763485476
217,1535,259,1015,1464,51,20,0.03483606557377049,0.01366120218579235
1234,1526,71,801,1483,34,9,0.022926500337154418,0.006068779501011463
343,1519,56,904,1438,48,33,0.03337969401947149,0.02294853963838665
493,1514,160,860,1457,47,10,0.03225806451612903,0.0068634179821551134
474,1513,90,1314,1513,0,0,0.0,0.0
1672,1511,49,1034,1478,27,6,0.018267929634641408,0.0040595399188092015
66,1508,92,1089,1473,24,11,0.016293279022403257,0.00746775288526816
533,1499,50,1255,1494,3,2,0.002008032128514056,0.0013386880856760374
774,1492,71,904,1439,37,16,0.02571230020847811,0.011118832522585128
1003,1487,110,1122,1461,21,5,0.014373716632443531,0.0034223134839151265
596,1477,41,816,1369,75,33,0.0547845142439737,0.02410518626734843
274,1474,73,832,1419,43,12,0.030303030303030304,0.008456659619450317
1006,1450,88,895,1406,37,7,0.02631578947368421,0.004978662873399715
1011,1446,99,926,1365,54,27,0.03956043956043956,0.01978021978021978
1474,1445,242,809,1375,48,22,0.03490909090909091,0.016
1626,1432,76,820,1346,66,20,0.04903417533432392,0.014858841010401188
517,1429,80,1118,1407,17,5,0.012082444918265814,0.0035536602700781805
1628,1429,163,1142,1406,17,6,0.01209103840682788,0.004267425320056899
394,1399,75,764,1339,51,9,0.038088125466766244,0.006721433905899925
1333,1361,75,855,1313,39,9,0.0297029702970297,0.006854531607006854
159,1359,21,930,1318,31,10,0.023520485584218515,0.007587253414264037
1639,1349,282,870,1309,33,7,0.025210084033613446,0.0053475935828877
1599,1349,34,861,1307,27,15,0.020657995409334353,0.011476664116296864
1142,1338,830,1144,1338,0,0,0.0,0.0
1197,1334,91,900,1299,24,11,0.018475750577367205,0.008468052347959968
1554,1332,145,719,1228,69,35,0.05618892508143322,0.028501628664495113
1462,1315,97,775,1294,17,4,0.01313755795981453,0.0030911901081916537
450,1314,157,931,1255,46,13,0.036653386454183264,0.010358565737051793
1387,1313,271,643,1238,47,28,0.03796445880452343,0.022617124394184167
1607,1303,141,844,1268,29,6,0.022870662460567823,0.00473186119873817
464,1302,99,653,1270,20,12,0.015748031496062992,0.009448818897637795
671,1298,136,791,1218,68,12,0.05582922824302135,0.009852216748768473
1366,1297,196,722,1185,77,35,0.06497890295358649,0.029535864978902954
58,1294,124,1056,1292,1,1,0.0007739938080495357,0.0007739938080495357
944,1293,89,765,1241,40,12,0.032232070910556,0.009669621273166801
1565,1283,122,728,1219,52,12,0.04265791632485644,0.009844134536505332
869,1278,63,706,1216,46,16,0.03782894736842105,0.013157894736842105
1237,1275,131,861,1254,17,4,0.013556618819776715,0.003189792663476874
331,1270,257,879,1235,23,12,0.01862348178137652,0.009716599190283401
1069,1269,311,790,1269,0,0,0.0,0.0
578,1266,173,679,1216,34,16,0.027960526315789474,0.013157894736842105
368,1259,85,766,1201,39,19,0.0324729392173189,0.01582014987510408
1337,1255,27,739,1203,34,18,0.02826267664172901,0.014962593516209476
1001,1221,39,682,1194,21,6,0.017587939698492462,0.005025125628140704
1652,1215,108,757,1168,35,12,0.029965753424657533,0.010273972602739725
1262,1213,139,991,1213,0,0,0.0,0.0
678,1210,49,832,1176,24,10,0.02040816326530612,0.008503401360544218
381,1200,101,803,1165,28,7,0.0240343347639485,0.006008583690987125
267,1176,190,616,1103,51,22,0.04623753399818677,0.019945602901178604
1080,1171,52,795,1159,8,4,0.006902502157031924,0.003451251078515962
1208,1164,32,826,1164,0,0,0.0,0.0
446,1161,68,819,1134,23,4,0.020282186948853614,0.003527336860670194
1690,1157,148,838,1125,27,5,0.024,0.0044444444444444444
477,1144,16,720,1140,4,0,0.0035087719298245615,0.0
349,1142,59,780,1098,30,14,0.0273224043715847,0.012750455373406194
1376,1137,134,844,1068,42,27,0.03932584269662921,0.025280898876404494
1246,1135,72,660,1100,27,8,0.024545454545454544,0.007272727272727273
997,1129,66,633,1073,43,13,0.04007455731593663,0.012115563839701771
1412,1126,120,753,1103,17,6,0.015412511332728921,0.005439709882139619
1675,1120,295,951,1118,1,1,0.0008944543828264759,0.0008944543828264759
0,1120,95,814,1049,59,12,0.05624404194470925,0.011439466158245948
1130,1116,74,744,1086,21,9,0.019337016574585635,0.008287292817679558
310,1115,85,699,1043,55,17,0.052732502396931925,0.016299137104506232
617,1110,217,731,1068,31,11,0.02902621722846442,0.010299625468164793
1530,1107,131,751,1081,19,7,0.01757631822386679,0.0064754856614246065
371,1101,130,715,1046,49,6,0.04684512428298279,0.0057361376673040155
1143,1091,45,698,1065,19,7,0.01784037558685446,0.006572769953051643
793,1088,44,372,1019,53,16,0.052011776251226695,0.015701668302257114
1533,1069,373,585,1044,21,4,0.020114942528735632,0.0038314176245210726
599,1062,55,634,1032,20,10,0.01937984496124031,0.009689922480620155
249,1049,68,690,1025,18,6,0.0175609756097561,0.005853658536585366
846,1028,39,860,1026,2,0,0.001949317738791423,0.0
1418,1028,165,553,921,90,17,0.09771986970684039,0.018458197611292075
1053,1023,76,631,977,35,11,0.03582395087001024,0.011258955987717503
14,1013,4,584,971,30,12,0.030895983522142123,0.012358393408856848
497,1002,41,579,962,28,12,0.029106029106029108,0.012474012474012475
1061,1002,300,755,1002,0,0,0.0,0.0
358,997,135,681,971,17,9,0.017507723995880537,0.009268795056642637
1359,996,96,563,906,63,27,0.0695364238410596,0.029801324503311258
478,990,12,569,932,44,14,0.04721030042918455,0.015021459227467811
449,990,145,672,934,42,14,0.044967880085653104,0.014989293361884369
1177,984,84,695,966,14,4,0.014492753623188406,0.004140786749482402
1643,982,52,651,960,16,6,0.016666666666666666,0.00625
985,974,97,713,935,25,14,0.026737967914438502,0.014973262032085561
715,961,69,566,880,65,16,0.07386363636363637,0.01818181818181818
1619,955,107,725,943,8,4,0.008483563096500531,0.0042417815482502655
205,949,88,566,919,20,10,0.02176278563656148,0.01088139281828074
263,948,185,680,902,37,9,0.041019955654102,0.009977827050997782
410,943,188,735,943,0,0,0.0,0.0
530,941,75,611,930,9,2,0.00967741935483871,0.002150537634408602
821,938,30,653,914,15,9,0.016411378555798686,0.009846827133479213
463,932,40,790,932,0,0,0.0,0.0
269,932,177,430,898,27,7,0.030066815144766147,0.0077951002227171495
562,930,155,671,890,33,7,0.03707865168539326,0.007865168539325843
857,923,73,598,914,6,3,0.006564551422319475,0.0032822757111597373
1276,920,188,642,886,22,12,0.024830699774266364,0.013544018058690745
199,917,41,820,906,7,4,0.00772626931567329,0.004415011037527594
1236,908,43,663,862,35,11,0.04060324825986079,0.012761020881670533
719,904,85,525,850,42,12,0.04941176470588235,0.01411764705882353
956,904,53,673,890,13,1,0.014606741573033709,0.0011235955056179776
348,895,64,549,885,9,1,0.010169491525423728,0.0011299435028248588
1118,889,91,750,885,3,1,0.003389830508474576,0.0011299435028248588
507,877,73,525,851,20,6,0.023501762632197415,0.007050528789659225
1235,866,55,736,866,0,0,0.0,0.0
771,866,58,599,843,18,5,0.021352313167259787,0.005931198102016607
133,859,79,498,809,36,14,0.04449938195302843,0.0173053152039555
1504,858,385,458,788,66,4,0.08375634517766498,0.005076142131979695
130,858,465,541,826,31,1,0.03753026634382567,0.0012106537530266344
1649,856,50,419,817,34,5,0.0416156670746634,0.006119951040391677
41,847,132,666,847,0,0,0.0,0.0
289,843,181,556,817,16,10,0.019583843329253364,0.012239902080783354
367,842,57,446,790,40,12,0.05063291139240506,0.015189873417721518
23,841,36,579,808,24,9,0.0297029702970297,0.011138613861386138
1555,840,47,410,769,50,21,0.06501950585175553,0.027308192457737322
1491,835,40,423,798,23,14,0.02882205513784461,0.017543859649122806
643,831,57,516,804,19,8,0.0236318407960199,0.009950248756218905
528,831,40,527,793,26,12,0.03278688524590164,0.015132408575031526
268,827,121,457,766,47,14,0.06135770234986945,0.018276762402088774
1121,825,33,533,819,4,2,0.004884004884004884,0.002442002442002442
332,825,21,467,761,50,14,0.0657030223390276,0.018396846254927726
996,825,198,561,825,0,0,0.0,0.0
598,817,212,528,817,0,0,0.0,0.0
1374,816,178,551,761,38,17,0.04993429697766097,0.022339027595269383
229,813,25,605,800,11,2,0.01375,0.0025
1472,803,75,605,779,18,6,0.023106546854942234,0.007702182284980745
1193,802,72,582,800,1,1,0.00125,0.00125
1300,798,51,584,782,12,4,0.015345268542199489,0.005115089514066497
687,791,65,424,723,46,22,0.0636237897648686,0.030428769017980636
212,787,19,485,764,19,4,0.024869109947643978,0.005235602094240838
142,774,89,461,759,11,4,0.014492753623188406,0.005270092226613966
545,769,87,460,744,23,2,0.030913978494623656,0.002688172043010753
218,767,42,415,712,40,15,0.056179775280898875,0.021067415730337078
459,765,122,428,729,30,6,0.0411522633744856,0.00823045267489712
1014,764,33,492,736,20,8,0.02717391304347826,0.010869565217391304
962,763,56,414,746,13,4,0.01742627345844504,0.005361930294906166
444,753,13,369,651,67,35,0.10291858678955453,0.053763440860215055
584,744,52,472,720,18,6,0.025,0.008333333333333333
655,741,66,544,703,27,11,0.03840682788051209,0.015647226173541962
577,734,64,416,722,9,3,0.012465373961218837,0.004155124653739612
1564,727,26,446,695,27,5,0.03884892086330935,0.007194244604316547
1048,720,36,382,691,24,5,0.03473227206946455,0.00723589001447178
1148,718,13,504,698,18,2,0.025787965616045846,0.0028653295128939827
891,717,122,541,706,7,4,0.009915014164305949,0.0056657223796034
570,715,39,447,706,5,4,0.007082152974504249,0.0056657223796034
627,714,48,425,671,28,15,0.041728763040238454,0.022354694485842028
1083,696,16,415,670,17,9,0.025373134328358207,0.013432835820895522
723,692,43,457,663,22,7,0.033182503770739065,0.010558069381598794
1433,677,59,409,651,17,9,0.026113671274961597,0.013824884792626729
1540,673,21,492,657,15,1,0.0228310502283105,0.0015220700152207
1665,670,88,417,651,15,4,0.02304147465437788,0.006144393241167435
503,666,37,490,651,10,5,0.015360983102918587,0.007680491551459293
172,661,51,445,646,11,4,0.017027863777089782,0.006191950464396285
549,654,68,445,630,18,6,0.02857142857142857,0.009523809523809525
1153,653,38,549,653,0,0,0.0,0.0
1328,645,78,419,625,14,6,0.0224,0.0096
849,645,23,453,631,12,2,0.01901743264659271,0.003169572107765452
423,642,30,379,627,15,0,0.023923444976076555,0.0
639,640,30,432,617,19,4,0.03079416531604538,0.006482982171799027
277,637,37,412,621,10,6,0.01610305958132045,0.00966183574879227
695,635,39,462,606,24,5,0.039603960396039604,0.00825082508250825
117,624,46,436,589,25,10,0.042444821731748725,0.01697792869269949
123,613,98,509,613,0,0,0.0,0.0
616,597,33,349,565,22,10,0.03893805309734513,0.017699115044247787
1581,594,66,343,573,13,8,0.02268760907504363,0.013961605584642234
1681,591,12,399,575,12,4,0.020869565217391306,0.006956521739130435
154,587,37,368,556,17,14,0.030575539568345324,0.025179856115107913
257,583,40,367,566,13,4,0.022968197879858657,0.007067137809187279
801,579,130,400,559,14,6,0.025044722719141325,0.01073345259391771
525,577,73,276,531,33,13,0.062146892655367235,0.02448210922787194
977,576,138,275,522,35,19,0.06704980842911877,0.03639846743295019
1072,568,77,228,513,38,17,0.07407407407407407,0.03313840155945419
1670,561,67,309,533,21,7,0.039399624765478425,0.013133208255159476
1296,561,1,434,541,15,5,0.027726432532347505,0.009242144177449169
327,558,129,347,538,17,3,0.031598513011152414,0.0055762081784386614
219,554,141,295,525,19,10,0.03619047619047619,0.01904761904761905
963,550,37,390,545,4,1,0.007339449541284404,0.001834862385321101
1638,549,147,430,546,2,1,0.003663003663003663,0.0018315018315018315
1455,547,124,343,500,29,18,0.058,0.036
773,547,26,332,512,26,9,0.05078125,0.017578125
845,547,30,379,517,24,6,0.04642166344294004,0.01160541586073501
1008,541,39,454,539,2,0,0.0037105751391465678,0.0
881,539,110,410,532,5,2,0.009398496240601503,0.0037593984962406013
830,535,30,313,497,23,15,0.04627766599597585,0.030181086519114688
976,534,207,433,534,0,0,0.0,0.0
1392,530,56,340,516,10,4,0.01937984496124031,0.007751937984496124
43,529,69,317,521,5,3,0.009596928982725527,0.005758157389635317
912,527,14,316,516,9,2,0.01744186046511628,0.003875968992248062
86,523,42,449,523,0,0,0.0,0.0
690,523,8,381,512,7,4,0.013671875,0.0078125
550,522,56,381,513,5,4,0.009746588693957114,0.007797270955165692
1155,520,37,362,516,2,2,0.003875968992248062,0.003875968992248062
564,520,78,427,520,0,0,0.0,0.0
1685,518,128,276,419,65,34,0.15513126491646778,0.081145584725537
508,516,155,408,516,0,0,0.0,0.0
1038,514,91,370,504,6,4,0.011904761904761904,0.007936507936507936
59,512,18,352,485,22,5,0.04536082474226804,0.010309278350515464
37,512,13,296,495,13,4,0.026262626262626262,0.00808080808080808
1084,512,343,430,512,0,0,0.0,0.0
131,507,133,379,504,2,1,0.003968253968253968,0.001984126984126984
1570,506,24,331,497,7,2,0.014084507042253521,0.004024144869215292
1466,505,91,359,490,12,3,0.024489795918367346,0.006122448979591836
436,502,185,331,502,0,0,0.0,0.0
892,502,43,308,489,10,3,0.02044989775051125,0.006134969325153374
942,501,54,380,488,10,3,0.020491803278688523,0.006147540983606557
1154,499,34,307,466,23,10,0.04935622317596566,0.02145922746781116
26,498,55,264,474,17,7,0.035864978902953586,0.014767932489451477
1340,497,15,299,482,11,4,0.022821576763485476,0.008298755186721992
585,492,33,360,491,1,0,0.002036659877800407,0.0
270,480,85,377,480,0,0,0.0,0.0
710,477,55,343,455,17,5,0.03736263736263736,0.01098901098901099
937,474,84,364,459,10,5,0.02178649237472767,0.010893246187363835
1126,473,109,361,460,11,2,0.02391304347826087,0.004347826086956522
1496,469,31,201,429,31,9,0.07226107226107226,0.02097902097902098
407,469,35,309,460,6,3,0.013043478260869565,0.006521739130434782
941,465,48,352,463,1,1,0.0021598272138228943,0.0021598272138228943
1241,465,57,319,453,8,4,0.017660044150110375,0.008830022075055188
1549,464,55,317,451,10,3,0.022172949002217297,0.0066518847006651885
1358,463,90,370,463,0,0,0.0,0.0
838,462,10,264,446,13,3,0.02914798206278027,0.006726457399103139
842,458,119,299,450,7,1,0.015555555555555555,0.0022222222222222222
1222,456,17,242,423,19,14,0.04491725768321513,0.03309692671394799
281,456,73,265,421,30,5,0.07125890736342043,0.011876484560570071
290,454,27,314,427,21,6,0.04918032786885246,0.01405152224824356
1074,453,70,247,374,60,19,0.16042780748663102,0.05080213903743316
537,452,23,321,440,8,4,0.01818181818181818,0.00909090909090909
1395,452,61,273,442,7,3,0.01583710407239819,0.006787330316742082
635,448,110,254,422,17,9,0.04028436018957346,0.02132701421800948
613,448,20,248,436,8,4,0.01834862385321101,0.009174311926605505
135,446,77,272,425,14,7,0.03294117647058824,0.01647058823529412
758,446,22,343,431,8,7,0.018561484918793503,0.016241299303944315
1131,443,9,246,421,17,5,0.040380047505938245,0.011876484560570071
1575,442,71,359,439,3,0,0.00683371298405467,0.0
1111,437,67,256,411,24,2,0.058394160583941604,0.004866180048661801
1017,434,45,324,399,29,6,0.07268170426065163,0.015037593984962405
1514,429,30,265,420,6,3,0.014285714285714285,0.007142857142857143
439,429,114,348,422,6,1,0.014218009478672985,0.002369668246445498
403,427,210,347,427,0,0,0.0,0.0
551,426,42,317,396,18,12,0.045454545454545456,0.030303030303030304
998,425,84,298,408,13,4,0.031862745098039214,0.00980392156862745
472,424,80,268,424,0,0,0.0,0.0
978,422,30,198,364,48,10,0.13186813186813187,0.027472527472527472
1144,422,16,244,413,7,2,0.01694915254237288,0.004842615012106538
1382,422,9,270,408,11,3,0.02696078431372549,0.007352941176470588
46,419,33,235,410,5,4,0.012195121951219513,0.00975609756097561
1677,419,125,281,378,32,9,0.08465608465608465,0.023809523809523808
304,419,40,212,407,7,5,0.0171990171990172,0.012285012285012284
1150,415,3,307,407,6,2,0.014742014742014743,0.004914004914004914
760,411,12,209,384,20,7,0.052083333333333336,0.018229166666666668
839,411,121,199,387,22,2,0.056847545219638244,0.00516795865633075
1697,407,50,297,407,0,0,0.0,0.0
1617,406,66,239,386,19,1,0.04922279792746114,0.0025906735751295338
952,403,75,264,403,0,0,0.0,0.0
677,403,36,320,394,5,4,0.012690355329949238,0.01015228426395939
754,403,19,180,368,27,8,0.07336956521739131,0.021739130434782608
1611,399,128,191,388,8,3,0.020618556701030927,0.007731958762886598
650,399,96,301,390,7,2,0.017948717948717947,0.005128205128205128
1610,398,57,251,390,5,3,0.01282051282051282,0.007692307692307693
705,393,61,238,368,18,7,0.04891304347826087,0.019021739130434784
422,385,26,260,377,6,2,0.015915119363395226,0.005305039787798408
1096,382,32,237,360,12,10,0.03333333333333333,0.027777777777777776
261,378,142,232,367,8,3,0.021798365122615803,0.008174386920980926
729,371,144,231,371,0,0,0.0,0.0
1127,367,36,302,363,3,1,0.008264462809917356,0.0027548209366391185
1341,365,1,267,362,2,1,0.0055248618784530384,0.0027624309392265192
389,364,130,288,364,0,0,0.0,0.0
567,360,95,237,318,38,4,0.11949685534591195,0.012578616352201259
1468,359,23,245,344,12,3,0.03488372093023256,0.00872093023255814
1207,358,31,195,343,12,3,0.03498542274052478,0.008746355685131196
7,350,36,306,350,0,0,0.0,0.0
147,350,10,200,290,39,21,0.13448275862068965,0.07241379310344828
141,347,38,222,334,8,5,0.023952095808383235,0.014970059880239521
1106,346,23,223,326,14,6,0.04294478527607362,0.018404907975460124
1105,342,51,209,320,16,6,0.05,0.01875
1576,342,58,271,341,1,0,0.002932551319648094,0.0
527,341,4,226,320,13,8,0.040625,0.025
797,337,40,217,294,30,13,0.10204081632653061,0.04421768707482993
353,336,102,307,336,0,0,0.0,0.0
660,335,30,201,325,8,2,0.024615384615384615,0.006153846153846154
424,326,23,181,319,6,1,0.018808777429467086,0.003134796238244514
77,319,75,254,319,0,0,0.0,0.0
1536,318,70,226,316,1,1,0.0031645569620253164,0.0031645569620253164
1431,317,53,200,303,9,5,0.0297029702970297,0.0165016501650165
1116,314,34,171,301,10,3,0.03322259136212625,0.009966777408637873
243,312,35,257,312,0,0,0.0,0.0
947,312,76,206,291,14,7,0.048109965635738834,0.024054982817869417
1476,309,85,209,291,14,4,0.048109965635738834,0.013745704467353952
1342,308,72,184,308,0,0,0.0,0.0
524,304,78,240,298,3,3,0.010067114093959731,0.010067114093959731
1189,300,30,169,270,20,10,0.07407407407407407,0.037037037037037035
237,298,72,228,298,0,0,0.0,0.0
685,297,40,226,287,6,4,0.020905923344947737,0.013937282229965157
454,290,27,221,290,0,0,0.0,0.0
1159,287,57,243,287,0,0,0.0,0.0
1541,284,42,143,216,55,13,0.25462962962962965,0.06018518518518518
1408,283,77,237,283,0,0,0.0,0.0
1465,281,20,210,274,5,2,0.01824817518248175,0.0072992700729927005
607,277,13,214,273,4,0,0.014652014652014652,0.0
1513,277,66,221,266,6,5,0.022556390977443608,0.018796992481203006
1471,269,33,129,243,20,6,0.0823045267489712,0.024691358024691357
276,268,18,179,251,14,3,0.055776892430278883,0.01195219123505976
991,267,39,212,267,0,0,0.0,0.0
103,267,13,169,236,19,12,0.08050847457627118,0.05084745762711865
1362,265,129,131,208,56,1,0.2692307692307692,0.004807692307692308
992,264,30,207,249,11,4,0.04417670682730924,0.01606425702811245
1164,263,37,236,259,3,1,0.011583011583011582,0.003861003861003861
377,263,37,167,255,5,3,0.0196078431372549,0.011764705882352941
543,260,19,220,260,0,0,0.0,0.0
1147,260,55,135,247,8,5,0.032388663967611336,0.020242914979757085
102,257,8,128,246,8,3,0.032520325203252036,0.012195121951219513
1284,257,17,135,250,4,3,0.016,0.012
851,251,53,132,236,13,2,0.05508474576271186,0.00847457627118644
904,250,20,153,240,7,3,0.029166666666666667,0.0125
883,250,49,177,242,6,2,0.024793388429752067,0.008264462809917356
1169,250,88,166,250,0,0,0.0,0.0
1209,248,26,168,239,5,4,0.02092050209205021,0.016736401673640166
1432,246,95,162,246,0,0,0.0,0.0
106,246,56,193,239,7,0,0.029288702928870293,0.0
361,246,8,142,228,12,6,0.05263157894736842,0.02631578947368421
734,245,13,167,239,4,2,0.016736401673640166,0.008368200836820083
798,244,1,192,243,1,0,0.00411522633744856,0.0
722,241,19,186,237,3,1,0.012658227848101266,0.004219409282700422
744,237,78,108,226,7,4,0.030973451327433628,0.017699115044247787
1592,237,34,173,234,2,1,0.008547008547008548,0.004273504273504274
680,236,59,139,228,6,2,0.02631578947368421,0.008771929824561403
848,236,31,134,230,6,0,0.02608695652173913,0.0
948,236,13,190,232,4,0,0.017241379310344827,0.0
1435,235,38,157,228,7,0,0.03070175438596491,0.0
1510,233,52,187,233,0,0,0.0,0.0
1321,233,45,158,223,8,2,0.03587443946188341,0.008968609865470852
340,233,1,130,204,18,11,0.08823529411764706,0.05392156862745098
461,231,59,131,230,1,0,0.004347826086956522,0.0
1270,231,31,186,227,4,0,0.01762114537444934,0.0
1132,229,17,152,222,4,3,0.018018018018018018,0.013513513513513514
518,228,71,181,228,0,0,0.0,0.0
541,228,5,180,228,0,0,0.0,0.0
893,226,2,187,226,0,0,0.0,0.0
1450,219,11,138,211,5,3,0.023696682464454975,0.014218009478672985
89,219,67,171,207,7,5,0.033816425120772944,0.024154589371980676
174,219,20,168,219,0,0,0.0,0.0
863,218,64,183,218,0,0,0.0,0.0
1560,218,120,197,218,0,0,0.0,0.0
466,216,18,132,200,11,5,0.055,0.025
1475,214,54,158,206,8,0,0.038834951456310676,0.0
1216,210,37,120,198,10,2,0.050505050505050504,0.010101010101010102
95,207,21,129,200,4,3,0.02,0.015
1203,206,37,175,206,0,0,0.0,0.0
192,205,46,154,203,2,0,0.009852216748768473,0.0
520,204,7,132,193,8,3,0.04145077720207254,0.015544041450777202
1437,201,12,109,197,4,0,0.02030456852791878,0.0
481,200,52,131,200,0,0,0.0,0.0
151,199,34,104,183,9,7,0.04918032786885246,0.03825136612021858
244,198,51,124,194,3,1,0.015463917525773196,0.005154639175257732
234,198,29,134,190,6,2,0.031578947368421054,0.010526315789473684
1509,198,44,169,194,3,1,0.015463917525773196,0.005154639175257732
855,197,77,172,197,0,0,0.0,0.0
1586,196,11,142,191,4,1,0.020942408376963352,0.005235602094240838
1223,193,29,156,193,0,0,0.0,0.0
1456,193,5,122,186,5,2,0.026881720430107527,0.010752688172043012
184,192,67,154,192,0,0,0.0,0.0
1577,191,60,154,191,0,0,0.0,0.0
1620,191,58,161,190,1,0,0.005263157894736842,0.0
512,191,66,159,191,0,0,0.0,0.0
1104,190,5,130,184,5,1,0.02717391304347826,0.005434782608695652
1230,186,35,146,186,0,0,0.0,0.0
122,186,28,127,180,5,1,0.027777777777777776,0.005555555555555556
204,185,6,125,183,2,0,0.01092896174863388,0.0
800,184,65,155,184,0,0,0.0,0.0
1124,183,36,157,183,0,0,0.0,0.0
455,181,25,125,177,4,0,0.022598870056497175,0.0
1400,181,23,105,172,8,1,0.046511627906976744,0.005813953488372093
315,178,69,137,178,0,0,0.0,0.0
1015,176,3,137,176,0,0,0.0,0.0
430,176,24,143,173,2,1,0.011560693641618497,0.005780346820809248
189,174,11,117,171,2,1,0.011695906432748537,0.005847953216374269
1346,174,15,107,167,5,2,0.029940119760479042,0.011976047904191617
597,174,17,109,170,3,1,0.01764705882352941,0.0058823529411764705
288,172,24,49,161,7,4,0.043478260869565216,0.024844720496894408
1245,171,63,129,171,0,0,0.0,0.0
4,167,23,104,144,13,10,0.09027777777777778,0.06944444444444445
1522,166,68,145,166,0,0,0.0,0.0
115,166,16,133,163,1,2,0.006134969325153374,0.012269938650306749
765,164,57,109,163,1,0,0.006134969325153374,0.0
790,162,24,120,158,3,1,0.0189873417721519,0.006329113924050633
233,162,26,135,159,2,1,0.012578616352201259,0.006289308176100629
278,160,58,124,160,0,0,0.0,0.0
177,160,6,101,160,0,0,0.0,0.0
640,159,2,95,148,6,5,0.04054054054054054,0.033783783783783786
1413,159,42,118,159,0,0,0.0,0.0
1077,158,39,72,147,8,3,0.05442176870748299,0.02040816326530612
1217,158,59,136,154,3,1,0.01948051948051948,0.006493506493506494
1264,156,26,122,156,0,0,0.0,0.0
69,155,74,137,155,0,0,0.0,0.0
1088,154,11,99,143,8,3,0.055944055944055944,0.02097902097902098
1176,153,11,77,136,13,4,0.09558823529411764,0.029411764705882353
951,153,13,96,153,0,0,0.0,0.0
1283,151,33,107,151,0,0,0.0,0.0
297,149,14,99,142,5,2,0.035211267605633804,0.014084507042253521
166,149,68,113,149,0,0,0.0,0.0
915,148,53,110,148,0,0,0.0,0.0
1660,146,6,101,136,8,2,0.058823529411764705,0.014705882352941176
563,145,11,56,141,3,1,0.02127659574468085,0.0070921985815602835
1523,144,34,95,113,21,10,0.18584070796460178,0.08849557522123894
652,144,13,103,143,1,0,0.006993006993006993,0.0
70,143,92,119,143,0,0,0.0,0.0
490,141,53,83,126,13,2,0.10317460317460317,0.015873015873015872
983,141,6,83,135,3,3,0.022222222222222223,0.022222222222222223
258,140,14,107,139,1,0,0.007194244604316547,0.0
1627,139,47,89,139,0,0,0.0,0.0
363,136,28,121,136,0,0,0.0,0.0
519,136,5,113,136,0,0,0.0,0.0
1676,130,15,89,121,7,2,0.05785123966942149,0.01652892561983471
111,127,42,99,127,0,0,0.0,0.0
916,127,7,96,127,0,0,0.0,0.0
1324,126,40,71,101,23,2,0.22772277227722773,0.019801980198019802
193,126,19,91,119,7,0,0.058823529411764705,0.0
669,125,26,74,101,17,7,0.16831683168316833,0.06930693069306931
134,125,4,99,118,6,1,0.05084745762711865,0.00847457627118644
272,125,65,88,125,0,0,0.0,0.0
1165,123,17,67,110,11,2,0.1,0.01818181818181818
759,119,23,65,113,6,0,0.05309734513274336,0.0
1563,119,4,80,118,1,0,0.00847457627118644,0.0
79,119,31,106,119,0,0,0.0,0.0
1227,118,18,55,108,9,1,0.08333333333333333,0.009259259259259259
1086,116,4,91,116,0,0,0.0,0.0
1304,116,35,95,116,0,0,0.0,0.0
284,115,48,94,115,0,0,0.0,0.0
1285,112,53,74,112,0,0,0.0,0.0
1204,112,32,89,112,0,0,0.0,0.0
319,110,29,91,107,2,1,0.018691588785046728,0.009345794392523364
1653,109,41,81,106,2,1,0.018867924528301886,0.009433962264150943
946,108,5,80,106,2,0,0.018867924528301886,0.0
1425,105,10,68,105,0,0,0.0,0.0
128,105,8,75,104,1,0,0.009615384615384616,0.0
413,104,16,75,99,3,2,0.030303030303030304,0.020202020202020204
907,104,9,61,102,1,1,0.00980392156862745,0.00980392156862745
382,103,28,48,97,4,2,0.041237113402061855,0.020618556701030927
285,102,6,65,101,1,0,0.009900990099009901,0.0
1662,102,14,80,102,0,0,0.0,0.0
576,101,20,70,101,0,0,0.0,0.0
634,100,14,61,92,5,3,0.05434782608695652,0.03260869565217391
236,99,49,60,88,9,2,0.10227272727272728,0.022727272727272728
215,98,23,76,98,0,0,0.0,0.0
1457,98,13,71,97,1,0,0.010309278350515464,0.0
1552,97,31,80,97,0,0,0.0,0.0
1397,97,20,89,97,0,0,0.0,0.0
909,97,16,69,93,3,1,0.03225806451612903,0.010752688172043012
1553,96,14,79,91,4,1,0.04395604395604396,0.01098901098901099
447,95,19,70,94,0,1,0.0,0.010638297872340425
67,91,19,59,85,4,2,0.047058823529411764,0.023529411764705882
812,91,12,52,90,1,0,0.011111111111111112,0.0
223,91,16,64,88,2,1,0.022727272727272728,0.011363636363636364
99,91,7,71,88,3,0,0.03409090909090909,0.0
74,91,5,86,91,0,0,0.0,0.0
932,91,10,55,85,6,0,0.07058823529411765,0.0
645,90,16,61,90,0,0,0.0,0.0
259,88,50,70,88,0,0,0.0,0.0
1238,88,11,72,84,3,1,0.03571428571428571,0.011904761904761904
625,87,13,76,87,0,0,0.0,0.0
861,86,4,65,84,1,1,0.011904761904761904,0.011904761904761904
1287,85,31,59,85,0,0,0.0,0.0
612,85,17,57,77,5,3,0.06493506493506493,0.03896103896103896
182,84,7,63,81,3,0,0.037037037037037035,0.0
251,84,37,56,84,0,0,0.0,0.0
179,84,40,66,84,0,0,0.0,0.0
286,82,25,62,82,0,0,0.0,0.0
1351,82,26,70,82,0,0,0.0,0.0
443,81,18,55,81,0,0,0.0,0.0
1684,81,3,53,80,1,0,0.0125,0.0
156,81,4,58,77,4,0,0.05194805194805195,0.0
21,79,9,46,78,1,0,0.01282051282051282,0.0
1161,79,9,50,77,2,0,0.025974025974025976,0.0
1486,79,33,59,71,5,3,0.07042253521126761,0.04225352112676056
712,79,30,66,79,0,0,0.0,0.0
1547,79,8,66,79,0,0,0.0,0.0
781,79,6,49,76,1,2,0.013157894736842105,0.02631578947368421
1013,78,1,35,71,0,7,0.0,0.09859154929577464
1624,78,21,70,78,0,0,0.0,0.0
1367,78,10,50,73,4,1,0.0547945205479452,0.0136986301369863
1347,76,7,45,72,3,1,0.041666666666666664,0.013888888888888888
832,76,5,61,76,0,0,0.0,0.0
328,75,21,48,69,4,2,0.057971014492753624,0.028985507246376812
1314,75,11,53,69,4,2,0.057971014492753624,0.028985507246376812
13,74,10,44,69,3,2,0.043478260869565216,0.028985507246376812
350,72,30,61,72,0,0,0.0,0.0
1360,71,18,55,71,0,0,0.0,0.0
1419,71,26,66,71,0,0,0.0,0.0
475,70,42,48,70,0,0,0.0,0.0
221,69,7,47,69,0,0,0.0,0.0
96,68,30,29,67,1,0,0.014925373134328358,0.0
699,68,6,39,67,1,0,0.014925373134328358,0.0
864,68,16,53,68,0,0,0.0,0.0
1094,67,24,51,65,1,1,0.015384615384615385,0.015384615384615385
1461,66,23,49,60,4,2,0.06666666666666667,0.03333333333333333
1508,66,3,44,64,2,0,0.03125,0.0
745,66,1,39,60,4,2,0.06666666666666667,0.03333333333333333
682,65,9,38,63,2,0,0.031746031746031744,0.0
1016,65,21,55,65,0,0,0.0,0.0
419,64,6,51,64,0,0,0.0,0.0
1674,64,28,54,63,1,0,0.015873015873015872,0.0
917,63,18,46,63,0,0,0.0,0.0
1695,62,9,54,62,0,0,0.0,0.0
1609,62,33,48,62,0,0,0.0,0.0
1010,62,19,59,62,0,0,0.0,0.0
870,61,23,49,61,0,0,0.0,0.0
747,61,1,35,46,12,3,0.2608695652173913,0.06521739130434782
1215,60,2,40,46,10,4,0.21739130434782608,0.08695652173913043
1275,60,12,38,46,10,4,0.21739130434782608,0.08695652173913043
1225,59,23,45,59,0,0,0.0,0.0
1478,59,20,49,59,0,0,0.0,0.0
1060,58,17,46,58,0,0,0.0,0.0
1292,57,6,37,53,3,1,0.05660377358490566,0.018867924528301886
968,57,3,38,56,1,0,0.017857142857142856,0.0
641,57,7,47,55,2,0,0.03636363636363636,0.0
667,54,5,36,54,0,0,0.0,0.0
1097,54,4,33,53,1,0,0.018867924528301886,0.0
198,54,28,47,54,0,0,0.0,0.0
1380,53,16,44,53,0,0,0.0,0.0
1019,53,14,30,52,1,0,0.019230769230769232,0.0
742,53,26,37,50,3,0,0.06,0.0
365,53,4,44,51,2,0,0.0392156862745098,0.0
668,53,7,39,53,0,0,0.0,0.0
1512,53,25,36,53,0,0,0.0,0.0
728,53,14,44,53,0,0,0.0,0.0
1440,52,6,43,52,0,0,0.0,0.0
1405,52,20,26,51,1,0,0.0196078431372549,0.0
882,52,19,38,52,0,0,0.0,0.0
1489,51,21,42,51,0,0,0.0,0.0
460,51,3,25,47,3,1,0.06382978723404255,0.02127659574468085
6,51,12,36,47,2,2,0.0425531914893617,0.0425531914893617
547,51,24,44,51,0,0,0.0,0.0
780,51,16,34,47,4,0,0.0851063829787234,0.0
68,50,9,45,50,0,0,0.0,0.0
1484,47,5,19,45,1,1,0.022222222222222223,0.022222222222222223
1569,47,19,29,43,3,1,0.06976744186046512,0.023255813953488372
662,46,3,28,42,3,1,0.07142857142857142,0.023809523809523808
595,46,35,36,46,0,0,0.0,0.0
661,46,2,38,46,0,0,0.0,0.0
600,46,9,42,46,0,0,0.0,0.0
20,46,2,21,45,0,1,0.0,0.022222222222222223
738,45,6,26,43,1,1,0.023255813953488372,0.023255813953488372
1079,45,2,33,43,1,1,0.023255813953488372,0.023255813953488372
152,44,1,20,40,2,2,0.05,0.05
670,44,2,25,42,1,1,0.023809523809523808,0.023809523809523808
354,44,21,28,44,0,0,0.0,0.0
412,43,7,28,43,0,0,0.0,0.0
601,43,12,40,43,0,0,0.0,0.0
1115,42,20,20,42,0,0,0.0,0.0
1448,42,6,35,42,0,0,0.0,0.0
910,42,7,37,42,0,0,0.0,0.0
238,42,4,33,42,0,0,0.0,0.0
1506,42,6,22,32,10,0,0.3125,0.0
591,42,10,24,42,0,0,0.0,0.0
1323,40,1,34,40,0,0,0.0,0.0
889,40,3,32,39,1,0,0.02564102564102564,0.0
743,40,12,36,40,0,0,0.0,0.0
698,39,4,27,34,4,1,0.11764705882352941,0.029411764705882353
1269,39,21,32,39,0,0,0.0,0.0
25,38,12,35,38,0,0,0.0,0.0
1206,38,7,26,38,0,0,0.0,0.0
112,38,6,28,36,2,0,0.05555555555555555,0.0
273,37,23,29,37,0,0,0.0,0.0
1517,37,17,31,37,0,0,0.0,0.0
1128,36,4,27,35,1,0,0.02857142857142857,0.0
155,36,6,32,36,0,0,0.0,0.0
964,35,6,23,35,0,0,0.0,0.0
1082,35,6,31,35,0,0,0.0,0.0
829,34,20,30,34,0,0,0.0,0.0
1309,33,18,28,33,0,0,0.0,0.0
752,33,11,30,33,0,0,0.0,0.0
1316,33,4,33,33,0,0,0.0,0.0
593,32,6,31,32,0,0,0.0,0.0
906,31,16,15,31,0,0,0.0,0.0
162,31,8,28,31,0,0,0.0,0.0
960,31,14,28,31,0,0,0.0,0.0
24,31,5,19,29,1,1,0.034482758620689655,0.034482758620689655
1467,30,1,8,27,2,1,0.07407407407407407,0.037037037037037035
240,30,15,21,30,0,0,0.0,0.0
1348,30,16,24,29,1,0,0.034482758620689655,0.0
922,29,14,23,29,0,0,0.0,0.0
1200,29,3,21,26,1,2,0.038461538461538464,0.07692307692307693
887,29,8,26,29,0,0,0.0,0.0
1228,29,12,23,29,0,0,0.0,0.0
623,28,1,16,26,1,1,0.038461538461538464,0.038461538461538464
831,28,5,23,26,2,0,0.07692307692307693,0.0
1000,27,2,24,27,0,0,0.0,0.0
717,26,4,21,26,0,0,0.0,0.0
87,26,11,23,26,0,0,0.0,0.0
867,26,7,21,26,0,0,0.0,0.0
1063,25,2,23,25,0,0,0.0,0.0
197,25,2,20,25,0,0,0.0,0.0
190,25,8,16,25,0,0,0.0,0.0
355,25,2,17,25,0,0,0.0,0.0
940,25,7,17,23,1,1,0.043478260869565216,0.043478260869565216
294,25,18,21,25,0,0,0.0,0.0
748,24,9,20,24,0,0,0.0,0.0
1133,24,3,17,24,0,0,0.0,0.0
834,23,4,20,23,0,0,0.0,0.0
794,23,1,20,23,0,0,0.0,0.0
692,23,15,20,23,0,0,0.0,0.0
817,23,12,14,23,0,0,0.0,0.0
129,23,3,14,20,2,1,0.1,0.05
1044,23,18,21,23,0,0,0.0,0.0
522,23,8,8,23,0,0,0.0,0.0
980,23,6,20,23,0,0,0.0,0.0
136,22,12,20,22,0,0,0.0,0.0
1100,22,7,19,22,0,0,0.0,0.0
1210,22,17,15,22,0,0,0.0,0.0
1190,22,3,20,22,0,0,0.0,0.0
901,22,1,21,22,0,0,0.0,0.0
526,21,7,20,21,0,0,0.0,0.0
510,21,3,20,21,0,0,0.0,0.0
1411,21,2,14,19,1,1,0.05263157894736842,0.05263157894736842
1622,21,5,15,21,0,0,0.0,0.0
31,20,9,15,20,0,0,0.0,0.0
1334,20,6,11,20,0,0,0.0,0.0
92,20,9,17,20,0,0,0.0,0.0
1021,20,1,18,20,0,0,0.0,0.0
1410,20,11,18,20,0,0,0.0,0.0
1689,19,6,16,19,0,0,0.0,0.0
555,19,2,14,11,4,4,0.36363636363636365,0.36363636363636365
1557,19,4,14,19,0,0,0.0,0.0
100,18,6,14,18,0,0,0.0,0.0
1548,18,1,13,18,0,0,0.0,0.0
318,18,3,16,18,0,0,0.0,0.0
260,18,4,15,18,0,0,0.0,0.0
150,18,5,16,18,0,0,0.0,0.0
1427,17,4,13,17,0,0,0.0,0.0
826,17,2,14,17,0,0,0.0,0.0
492,17,14,13,17,0,0,0.0,0.0
222,16,2,15,16,0,0,0.0,0.0
814,16,3,16,16,0,0,0.0,0.0
1050,16,11,13,16,0,0,0.0,0.0
60,16,3,12,14,2,0,0.14285714285714285,0.0
339,16,2,12,14,2,0,0.14285714285714285,0.0
76,16,2,5,16,0,0,0.0,0.0
1134,15,4,8,15,0,0,0.0,0.0
768,15,4,13,15,0,0,0.0,0.0
579,14,8,10,14,0,0,0.0,0.0
796,14,2,10,14,0,0,0.0,0.0
1499,14,5,10,14,0,0,0.0,0.0
1185,14,6,12,14,0,0,0.0,0.0
1414,14,3,14,14,0,0,0.0,0.0
511,13,3,10,12,1,0,0.08333333333333333,0.0
1039,13,6,10,13,0,0,0.0,0.0
1667,13,1,12,13,0,0,0.0,0.0
40,13,3,10,13,0,0,0.0,0.0
1271,12,9,10,12,0,0,0.0,0.0
1199,12,1,10,12,0,0,0.0,0.0
1310,12,6,8,12,0,0,0.0,0.0
138,11,1,11,11,0,0,0.0,0.0
146,11,4,8,11,0,0,0.0,0.0
1442,11,6,6,11,0,0,0.0,0.0
1297,11,3,10,11,0,0,0.0,0.0
458,11,5,9,11,0,0,0.0,0.0
540,11,1,7,11,0,0,0.0,0.0
702,11,8,4,11,0,0,0.0,0.0
1470,11,7,11,11,0,0,0.0,0.0
1226,10,7,9,10,0,0,0.0,0.0
749,10,9,10,10,0,0,0.0,0.0
311,10,8,9,10,0,0,0.0,0.0
428,10,3,10,10,0,0,0.0,0.0
713,9,5,8,9,0,0,0.0,0.0
573,9,1,8,8,1,0,0.125,0.0
536,9,6,8,9,0,0,0.0,0.0
501,9,5,8,9,0,0,0.0,0.0
1071,9,1,9,9,0,0,0.0,0.0
1381,9,6,8,9,0,0,0.0,0.0
970,8,7,8,8,0,0,0.0,0.0
298,8,1,4,8,0,0,0.0,0.0
1556,8,6,8,8,0,0,0.0,0.0
85,8,2,8,8,0,0,0.0,0.0
733,7,3,7,7,0,0,0.0,0.0
756,7,3,5,6,1,0,0.16666666666666666,0.0
375,7,3,7,7,0,0,0.0,0.0
380,7,4,6,7,0,0,0.0,0.0
264,7,4,7,7,0,0,0.0,0.0
119,7,2,7,7,0,0,0.0,0.0
1647,7,4,7,7,0,0,0.0,0.0
17,7,1,7,7,0,0,0.0,0.0
632,7,3,7,7,0,0,0.0,0.0
791,7,1,7,7,0,0,0.0,0.0
480,7,1,7,7,0,0,0.0,0.0
877,7,2,5,7,0,0,0.0,0.0
1052,7,1,7,7,0,0,0.0,0.0
981,6,5,6,6,0,0,0.0,0.0
923,6,6,6,6,0,0,0.0,0.0
63,6,4,6,6,0,0,0.0,0.0
393,6,2,4,6,0,0,0.0,0.0
534,5,5,5,5,0,0,0.0,0.0
1365,5,2,5,5,0,0,0.0,0.0
1590,5,2,4,5,0,0,0.0,0.0
1520,5,3,5,5,0,0,0.0,0.0
344,5,3,4,5,0,0,0.0,0.0
28,5,2,5,5,0,0,0.0,0.0
1587,4,2,4,4,0,0,0.0,0.0
716,4,2,4,4,0,0,0.0,0.0
1181,4,1,3,4,0,0,0.0,0.0
1458,4,3,4,4,0,0,0.0,0.0
32,4,2,3,4,0,0,0.0,0.0
12,4,2,3,4,0,0,0.0,0.0
265,4,1,2,4,0,0,0.0,0.0
271,4,4,4,4,0,0,0.0,0.0
148,4,1,4,4,0,0,0.0,0.0
587,4,2,4,4,0,0,0.0,0.0
321,4,1,4,4,0,0,0.0,0.0
433,4,2,4,4,0,0,0.0,0.0
1449,4,2,3,4,0,0,0.0,0.0
262,4,1,4,3,1,0,0.3333333333333333,0.0
1402,4,2,4,4,0,0,0.0,0.0
594,4,3,4,4,0,0,0.0,0.0
841,4,1,4,4,0,0,0.0,0.0
908,3,1,3,3,0,0,0.0,0.0
91,3,2,3,3,0,0,0.0,0.0
1640,3,2,3,3,0,0,0.0,0.0
709,3,1,3,3,0,0,0.0,0.0
108,3,3,3,3,0,0,0.0,0.0
164,3,1,3,3,0,0,0.0,0.0
966,2,2,2,2,0,0,0.0,0.0
1354,2,1,1,2,0,0,0.0,0.0
15,2,1,2,2,0,0,0.0,0.0
10,2,1,2,2,0,0,0.0,0.0
820,2,2,1,2,0,0,0.0,0.0
30,2,1,2,2,0,0,0.0,0.0
853,2,2,2,2,0,0,0.0,0.0
1281,2,2,1,2,0,0,0.0,0.0
766,2,1,2,2,0,0,0.0,0.0
338,2,1,2,2,0,0,0.0,0.0
303,2,1,2,2,0,0,0.0,0.0
708,2,1,2,2,0,0,0.0,0.0
1290,2,2,1,2,0,0,0.0,0.0
784,2,2,2,2,0,0,0.0,0.0
1459,2,1,2,2,0,0,0.0,0.0
482,2,1,2,2,0,0,0.0,0.0
890,2,2,2,2,0,0,0.0,0.0
1138,2,1,2,2,0,0,0.0,0.0
397,2,1,2,2,0,0,0.0,0.0
1629,1,1,1,1,0,0,0.0,0.0
546,1,1,1,1,0,0,0.0,0.0
1345,1,1,1,1,0,0,0.0,0.0
1307,1,1,1,1,0,0,0.0,0.0
301,1,1,1,1,0,0,0.0,0.0
674,1,1,1,1,0,0,0.0,0.0
346,1,1,1,1,0,0,0.0,0.0
732,1,1,1,1,0,0,0.0,0.0
435,1,1,1,1,0,0,0.0,0.0
582,1,1,1,1,0,0,0.0,0.0
1546,1,1,1,1,0,0,0.0,0.0
180,1,1,1,1,0,0,0.0,0.0
621,1,1,1,1,0,0,0.0,0.0
